variable,count,mean,std,min,25%,50%,75%,max,original
dummy1,1000.0,-0.0004501012524915808,0.010905776133988505,-0.0299396945353507,-0.007596075852692475,-0.0003197037871185,0.0062328140007634255,0.0368836823985034,-0.0106822588033592
dummy2,1000.0,0.00020607767812996018,0.011390056548836744,-0.0378221730517829,-0.0073621601106732,-0.00022698079511315002,0.0073172095307034,0.0345332648869547,0.0109106539540775
x1,1000.0,0.0011585499250727053,3.0886328301902117,-9.205930432862251,-1.997234829938593,0.02735593076888925,1.9072040180163692,28.205765303900773,28.205765303900773
x2,1000.0,0.4405632103097131,7.828583249690721,-27.025003257423634,-4.90578124103315,0.263911334367759,5.2956678726373685,75.05202385428962,75.05202385428962
x3,1000.0,0.00040957773115933804,1.904247445125539,-5.972816307210728,-1.2793704153573975,-0.012293274045269649,1.1455476606030959,17.754146731046824,17.754146731046824
